ANTENNA SPECIFICATION — INVERTED L 40M,,,
,,,
Parameter,Value,Unit,Notes
Frequency bands,40M (7.0–7.3 MHz),,
Design approach,"Center-loaded vertical element with horizontal top-loading section, multiband capable",,
Compaction factor,50%,,
Special parameters,"35 ft vertical + 15 ft horizontal, loading coil at top junction, 50Ω feedpoint, broadband RX trap optional",,
Feed impedance,50 Ω nominal,Ω,May vary by design
SWR target,<2.0,:1,Without antenna tuner
Efficiency,70–95%,%,Varies by band/implementation
Gain,0–12,dBi,Depends on antenna type
