band,freq_mhz,wavelength_m,lambda4_m,h_arm_m,total_dipole_m,h_pct_of_lambda4,Z0_arm_ohm,beta_h_deg,Xarm_ohm,L_load_uH,Rrad_ohm,Rloss_coil_ohm,efficiency_pct,N_turns_18awg,coil_length_cm,coil_Q,arm_wire_gauge,antenna_type,notes
160m,1.900,157.79,39.45,12.0,24.0,30.4,1115.0,27.38,2153.0,180.35,16.92,21.53,44.0,110,12.3,200,#14 AWG,PNILD,Long wire run; 2-noodle coil form stacked; radials required
80m,3.750,79.95,19.99,7.0,14.0,35.0,1050.3,31.52,1712.5,72.68,21.87,17.13,56.1,52,5.8,200,#14 AWG,PNILD,Pool noodle coil at center; inverted-V recommended
40m,7.150,41.93,10.48,5.0,10.0,47.7,1009.9,42.93,1085.7,24.17,37.11,10.86,77.4,23,2.6,200,#14 AWG,PNILD,Practical portable dipole; 10m total fits most backyards
30m,10.125,29.61,7.40,4.0,8.0,54.0,983.2,48.63,865.8,13.61,45.06,8.66,83.9,16,1.8,200,#14 AWG,PNILD,Good efficiency; 8m fits as inverted-V at 4m apex
20m,14.175,21.15,5.29,3.0,6.0,56.7,948.6,51.06,766.4,8.61,48.40,7.66,86.3,12,1.3,200,#14 AWG,PNILD,Excellent portable antenna; 6m total length
17m,18.118,16.55,4.14,2.5,5.0,60.4,926.8,54.39,663.7,5.83,52.88,6.64,88.8,10,1.1,200,#14 AWG,PNILD,High efficiency; minimal loading
15m,21.225,14.12,3.53,2.2,4.4,62.3,911.4,56.07,613.1,4.60,55.08,6.13,90.0,8,0.9,200,#14 AWG,PNILD,Very high efficiency for 4.4m antenna
12m,24.940,12.02,3.01,1.8,3.6,59.9,887.3,53.91,646.9,4.13,52.24,6.47,89.0,8,0.9,200,#14 AWG,PNILD,Minimal coil; nearly resonant
10m,28.500,10.52,2.63,1.5,3.0,57.0,865.5,51.33,692.5,3.87,48.77,6.93,87.6,8,0.9,200,#14 AWG,PNILD,Very small coil; 3m total length extremely portable
