Band,Center_freq_MHz,Zfeed_ohms,Q_LN,Xs_ohms,L_series_nH,Xp_ohms,C_shunt_pF,Tap_turns_from_bottom,Notes
10m,28.500,5.233,2.926,15.30,85.5,17.09,328,13.26,Fixed tap at 4T provides ~4.86x voltage step-up; per-band precision tap at 13.26T. Autotransformer: Z_match=50*(4/41)^2=0.476*Zant — NOT optimal; use 13T tap for best VSWR
12m,24.940,4.217,3.265,13.77,87.8,15.31,416,11.91,Per-band precision tap: 11.91T. Fixed 4T tap gives Z_match=0.476*Zant=2.01ohm; needs external C-shunt to match. L-net superior for 12m mobile
15m,21.225,3.324,3.684,12.24,91.7,13.57,553,10.57,Per-band precision tap: 10.57T. Fixed 4T autotransformer under-transforms; use antenna tuner or variable C-shunt
17m,18.118,2.812,4.001,11.25,98.7,12.50,702,9.72,Per-band precision tap: 9.72T. Fixed 4T tap at 17m is near-optimal because Zfeed is lowest here; best auto-match band
20m,14.175,2.441,4.415,10.77,120.9,11.33,992,9.06,Per-band precision tap: 9.06T. Fixed 4T tap requires antenna tuner; Zfeed too low for 4T tap to match 50 ohm. L-net recommended
30m,10.125,2.575,4.300,11.07,173.6,11.63,2170,9.30,Per-band precision tap: 9.30T. C_shunt is large (2170pF) — use variable cap or switched fixed caps. Note: efficiency 25.2% so 100W in = 25.2W radiated
40m,7.150,3.409,3.696,12.60,280.7,13.53,1642,10.71,Per-band precision tap: 10.71T. C_shunt at 40m is 1642pF. Low efficiency (9.5%) requires tuner with low loss. L-series 280.7nH practical with T68-2 or T50-6 coil
60m,5.330,4.726,N/A,N/A,N/A,N/A,N/A,12.61,60m band: L-network not calculated in source data. Autotransformer tap: 12.61T for 50-ohm match. Only 5 channels (5330-5405kHz). Efficiency 3.8%
80m,3.750,7.164,2.446,17.52,744.8,20.44,2076,15.52,Per-band precision tap: 15.52T. C_shunt 2076pF — use switched 2000pF NP0 or vacuum variable. L_series 744.8nH requires large core (T106-2 or T130-2). Antenna tuner strongly recommended for 80m mobile
