Band,Trap_freq_MHz,Core_type,AL_nH_per_turn_sq,N_turns,L_actual_uH,C_value_pF,C_type,C_voltage_rating,Resonant_freq_MHz_calc,Z_trap_ohms,Q_est,Insertion_loss_dB,Position_from_base_m,Housing_OD_mm,Housing_L_mm,Notes
17m,18.118,T50-6,40,3,0.360,220,NP0,500V,17.88,10113,250,0.02,4.01,19,22,"3T on T50-6 (AL=40); L=40*9/1000=0.360µH; C=220pF NP0 500V; f0=17.88MHz (17.8MHz usable — 18.118MHz trap zone is 17.5–18.5MHz); Z_trap=Q*sqrt(L/C)=250*sqrt(1636)=10113Ω; insertion loss negligible; trap at 4.01m = QW for 17m; roll-up wire version only"
15m,21.225,T50-6,40,4,0.640,88.8,NP0 (82+6.8pF),500V,21.14,17000,250,0.03,3.43,19,25,"4T on T50-6; L=40*16/1000=0.640µH; C=82pF+6.8pF series NP0 = 88.8pF; f0=21.14MHz; Z_trap=250*sqrt(0.640e-6/88.8e-12)=~17000Ω; trap at 3.43m = QW for 15m; wire tip (4.01m–5.6m) appears as inductive stub below trap frequency; roll-up version only"
12m,24.940,T50-6,40,3,0.360,113.3,NP0 (110+3.3pF),500V,24.91,14095,250,0.02,2.92,19,22,"3T on T50-6; L=0.360µH; C=110pF+3.3pF=113.3pF NP0; f0=24.91MHz; Z_trap=250*sqrt(0.360e-6/113.3e-12)=250*56.4=14095Ω; position 2.92m = QW for 12m; traps for 15m and 17m still in circuit but appear inductive below their resonances; roll-up version only"
10m,28.500,T50-6,40,3,0.360,86.7,NP0 (82+4.7pF),500V,28.49,16100,250,0.02,2.55,19,22,"3T on T50-6; L=0.360µH; C=82pF+4.7pF=86.7pF NP0; f0=28.49MHz; Z_trap=250*sqrt(0.360e-6/86.7e-12)=250*64.4=16100Ω; position 2.55m = QW for 10m; below 28.5MHz all four HF traps appear inductive — minor loading effect only; roll-up version only"
6m,51.000,Air-core 5mm dia,N/A,3,0.060,160,NP0,100V,51.4,8000,300,0.04,1.40,12,18,"3T air-core 5mm diameter; L≈0.060µH (estimated from single-layer formula); C=160pF NP0 100V; f0=51.4MHz; Z_trap≈8000Ω; position 1.40m = QW for 6m; Q higher for air-core; housing is heat-shrink over coil+cap module; roll-up version only"
2m,146.000,Air-core 4mm dia,N/A,2,0.018,68,NP0 SMD 0805,50V,145.2,5000,350,0.06,0.488,10,14,"2T air-core 4mm diameter; L≈0.018µH; C=68pF NP0 SMD 0805 50V; f0=145.2MHz; Z_trap≈5000Ω; Q=350 (air-core VHF); position 0.488m = QW for 2m; innermost trap nearest base; at 146MHz wire above trap is electrically isolated — acts as 0.488m QW monopole; housing is heat-shrink or small ABS enclosure; roll-up version only"

# LOADING COILS FOR BASE INSTALLATION
Band,Center_freq_MHz,L_required_uH,Xant_ohms,Rrad_ohms,Rcoil_ohms,Eff_pct,Core_type,N_turns,Wire_AWG,Form_OD_mm,Wind_length_mm,Q_est,Zfeed_ohms,L_net_Xs_ohms,L_net_Xp_ohms,C_shunt_pF,Notes
160m,1.900,144.6,-1730,0.124,6.919,1.8,T200-2 (AL=150),31,#22AWG,50.8,45,250,7.04,17.4,20.2,4137,"Series L tunes out Xant; Zfeed=7.04 Ω; L-net Q=2.47; C_shunt=4137pF across 50Ω port; N=31T on T200-2; efficiency very low — needs excellent radial system (8–16 radials λ/4 or longer)"
80m,3.750,35.5,-833,0.484,2.975,14.0,T130-2 (AL=110),18,#20AWG,33.0,30,280,3.46,12.7,13.6,3114,"N=18T on T130-2; Zfeed=3.46 Ω; L-net Q=3.67; C_shunt=3114pF; efficiency marginal — 4–8 radials improve Rrad effectively; consider mobile-style loading coil at 50% whip point"
60m,5.330,16.3,-543,0.977,1.906,33.9,T130-2 (AL=110),12,#20AWG,33.0,25,285,2.88,11.7,12.4,2414,"N=12T on T130-2; Zfeed=2.88 Ω; L-net Q=4.04; C_shunt=2414pF; 60m WARC band — usable portable efficiency with elevated counterpoise"
40m,7.150,7.85,-352,1.758,1.137,60.7,T106-2 (AL=135),8,#18AWG,26.9,20,310,2.90,11.7,12.4,1796,"N=8T on T106-2; Zfeed=2.90 Ω; L-net Q=4.03; C_shunt=1796pF; efficiency acceptable for field use; 2–4 elevated radials adequate"
30m,10.125,2.477,-158,3.525,0.494,87.7,T50-2 (AL=49),7,#18AWG,12.7,15,320,4.02,13.6,14.8,1063,"N=7T on T50-2; Zfeed=4.02 Ω; L-net Q=3.38; C_shunt=1063pF; near-resonant — high efficiency; single elevated radial viable; small form-factor coil"
20m,14.175,N/A,+36,6.913,N/A,N/A,No coil — series NP0 cap,N/A,N/A,N/A,N/A,N/A,N/A,N/A,N/A,N/A,"Xant=+36 Ω (inductive); cancel with 300pF series NP0 capacitor; whip slightly long at 5.6m; can also retract one section to ~5.13m for near-resonance; Rrad ≈6.9 Ω — good efficiency"
